{
    "accuracy": 0.9673024523160763,
    "precision": 0.9918032786885246,
    "recall": 0.7756410256410257,
    "auc": 0.8872914122914122
}